{
  "rule": {
    "precision": 1.0,
    "recall": 0.9187500000000001,
    "f1": 0.9483465608465608,
    "mean_iou": 0.8437525401569247
  },
  "baseline": {
    "precision": 0.9083333333333333,
    "recall": 0.4888888888888889,
    "f1": 0.604728835978836,
    "mean_iou": 0.7500516215348202
  }
}